131,15940,調査　敏晴,2014-11-04,2014-11-04
131,63696,調査　卓司,2014-11-04,2014-11-04
131,64778,調査　正義,2014-11-04,2014-11-04
131,66754,調査　繁次,2014-11-04,2014-11-04
131,68365,調査　正信,2014-11-04,2014-11-04
131,69232,調査　敏治,2014-11-04,2014-11-04
131,69278,調査　厚雄,2014-11-04,2014-11-04
131,71682,調査　米次,2014-11-04,2014-11-04
131,71691,調査　伸次,2014-11-04,2014-11-04
131,76463,調査　泰則,2014-11-04,2014-11-04
161,17792,調査　満,2014-11-04,2014-11-04
161,59466,調査　耕作,2014-11-04,2014-11-04
161,62943,調査　登,2014-11-04,2014-11-04
161,63856,調査　規道,2014-11-04,2014-11-04
161,67229,調査　政己,2014-11-04,2014-11-04
161,69175,調査　勝三,2014-11-04,2014-11-04
161,69344,調査　峰雄,2014-11-04,2014-11-04
161,69371,調査　真一,2014-11-04,2014-11-04
161,70096,調査　勝彦,2014-11-04,2014-11-04
161,71075,調査　良雄,2014-11-04,2014-11-04
161,72362,調査　英美,2014-11-04,2014-11-04
161,72456,調査　悟,2014-11-04,2014-11-04
161,72465,調査　佳祐,2014-11-04,2014-11-04
161,73006,調査　敏宏,2014-11-04,2014-11-04
161,73668,調査　知朗,2014-11-04,2014-11-04
161,74496,調査　登,2014-11-04,2014-11-04
161,74620,調査　満,2014-11-04,2014-11-04
161,74674,調査　明俊,2014-11-04,2014-11-04
161,76481,調査　浩,2014-11-04,2014-11-04
161,77228,調査　広一,2014-11-04,2014-11-04
171,62194,調査　實,2014-11-04,2014-11-04
171,65020,調査　伸二郎,2014-11-04,2014-11-04
171,65766,調査　英世,2014-11-04,2014-11-04
171,68870,調査　光治,2014-11-04,2014-11-04
171,70573,調査　之典,2014-11-04,2014-11-04
171,71673,調査　富久,2014-11-04,2014-11-04
171,71710,調査　和則,2014-11-04,2014-11-04
171,72184,調査　篤美,2014-11-04,2014-11-04
171,73015,調査　宗文,2014-11-04,2014-11-04
171,73704,調査　博久,2014-11-04,2014-11-04
171,74281,調査　武志,2014-11-04,2014-11-04
171,74526,調査　啓二,2014-11-04,2014-11-04
171,76173,調査　比登嗣,2014-11-04,2014-11-04
171,76509,調査　孝博,2014-11-04,2014-11-04
191,23047,調査　剛司,2014-11-04,2014-11-04
191,67658,調査　豊光,2014-11-04,2014-11-04
191,67881,調査　敏彦,2014-11-04,2014-11-04
191,69214,調査　和俊,2014-11-04,2014-11-04
191,69755,調査　守,2014-11-04,2014-11-04
191,69764,調査　美則,2014-11-04,2014-11-04
191,69924,調査　喜久志,2014-11-04,2014-11-04
191,69933,調査　政司,2014-11-04,2014-11-04
191,70144,調査　清史,2014-11-04,2014-11-04
191,70498,調査　和弘,2014-11-04,2014-11-04
191,70872,調査　喜八,2014-11-04,2014-11-04
191,71710,調査　和則,2014-11-04,2014-11-04
191,72193,調査　泰剛,2014-11-04,2014-11-04
191,72474,調査　信太郎,2014-11-04,2014-11-04
191,72501,調査　秀輝,2014-11-04,2014-11-04
191,73967,調査　隆士,2014-11-04,2014-11-04
191,76182,調査　和男,2014-11-04,2014-11-04
191,76530,調査　弘,2014-11-04,2014-11-04
191,77125,調査　千明,2014-11-04,2014-11-04
231,16254,調査　透,2014-11-04,2014-11-04
231,41827,調査　正広,2014-11-04,2014-11-04
231,63883,調査　幹夫,2014-11-04,2014-11-04
231,64581,調査　一夫,2014-11-04,2014-11-04
231,64974,調査　邦孝,2014-11-04,2014-11-04
231,67208,調査　清志,2014-11-04,2014-11-04
231,67443,調査　雅道,2014-11-04,2014-11-04
231,68299,調査　巌,2014-11-04,2014-11-04
231,68308,調査　吉秋,2014-11-04,2014-11-04
231,69269,調査　光裕,2014-11-04,2014-11-04
231,69867,調査　利夫,2014-11-04,2014-11-04
231,69970,調査　明広,2014-11-04,2014-11-04
231,70863,調査　亮一,2014-11-04,2014-11-04
231,70900,調査　賢二,2014-11-04,2014-11-04
231,70957,調査　一昌,2014-11-04,2014-11-04
231,70975,調査　洋一,2014-11-04,2014-11-04
231,71495,調査　貴絵,2014-11-04,2014-11-04
231,72371,調査　和夫,2014-11-04,2014-11-04
231,72390,調査　寿一,2014-11-04,2014-11-04
231,72483,調査　将之,2014-11-04,2014-11-04
231,73024,調査　選,2014-11-04,2014-11-04
231,73716,調査　正明,2014-11-04,2014-11-04
231,73752,調査　耕司,2014-11-04,2014-11-04
231,73864,調査　初輝,2014-11-04,2014-11-04
231,74562,調査　康弘,2014-11-04,2014-11-04
231,74571,調査　克己,2014-11-04,2014-11-04
231,75411,調査　正弘,2014-11-04,2014-11-04
231,75635,調査　英秋,2014-11-04,2014-11-04
231,76191,調査　延也,2014-11-04,2014-11-04
231,76548,調査　寛,2014-11-04,2014-11-04
231,76557,調査　秀彦,2014-11-04,2014-11-04
231,76566,調査　実文,2014-11-04,2014-11-04
231,77237,調査　典志,2014-11-04,2014-11-04
231,99024,調査　茂,2014-11-04,2014-11-04
271,17662,調査　和雄,2014-11-04,2014-11-04
271,23056,調査　昌浩,2014-11-04,2014-11-04
271,24941,調査　昌信,2014-11-04,2014-11-04
271,58571,調査　則夫,2014-11-04,2014-11-04
271,62279,調査　榮三郎,2014-11-04,2014-11-04
271,65841,調査　隆,2014-11-04,2014-11-04
271,66603,調査　信夫,2014-11-04,2014-11-04
271,66615,調査　和憲,2014-11-04,2014-11-04
271,66624,調査　龍一,2014-11-04,2014-11-04
271,68039,調査　昇,2014-11-04,2014-11-04
271,68320,調査　太一郎,2014-11-04,2014-11-04
271,69184,調査　三春,2014-11-04,2014-11-04
271,70069,調査　啓二,2014-11-04,2014-11-04
271,70087,調査　猛,2014-11-04,2014-11-04
271,70854,調査　泰樹,2014-11-04,2014-11-04
271,71093,調査　経義,2014-11-04,2014-11-04
271,72399,調査　俊勝,2014-11-04,2014-11-04
271,72492,調査　豪,2014-11-04,2014-11-04
271,73042,調査　千秋,2014-11-04,2014-11-04
271,73725,調査　道和,2014-11-04,2014-11-04
271,74608,調査　康晴,2014-11-04,2014-11-04
271,74629,調査　今夫,2014-11-04,2014-11-04
271,75215,調査　義孝,2014-11-04,2014-11-04
271,75644,調査　公助,2014-11-04,2014-11-04
271,77291,調査　武夫,2014-11-04,2014-11-04
281,17671,調査　和雄,2014-11-04,2014-11-04
281,62270,調査　幸康,2014-11-04,2014-11-04
281,62916,調査　孝光,2014-11-04,2014-11-04
281,63950,調査　隆雄,2014-11-04,2014-11-04
281,66594,調査　貴雄,2014-11-04,2014-11-04
281,67621,調査　正一,2014-11-04,2014-11-04
281,67909,調査　祥一,2014-11-04,2014-11-04
281,69408,調査　隆明,2014-11-04,2014-11-04
281,69680,調査　富志雄,2014-11-04,2014-11-04
281,69915,調査　顯,2014-11-04,2014-11-04
281,69951,調査　法一,2014-11-04,2014-11-04
281,70909,調査　晴夫,2014-11-04,2014-11-04
281,71712,調査　俊幸,2014-11-04,2014-11-04
281,72408,調査　栄一,2014-11-04,2014-11-04
281,72420,調査　友彦,2014-11-04,2014-11-04
281,73033,調査　泰憲,2014-11-04,2014-11-04
281,73070,調査　俊幸,2014-11-04,2014-11-04
281,74300,調査　敏典,2014-11-04,2014-11-04
281,74384,調査　高夫,2014-11-04,2014-11-04
281,74505,調査　信介,2014-11-04,2014-11-04
281,74647,調査　弘,2014-11-04,2014-11-04
281,74656,調査　隆,2014-11-04,2014-11-04
281,75430,調査　達,2014-11-04,2014-11-04
281,75756,調査　國大,2014-11-04,2014-11-04
281,76388,調査　典行,2014-11-04,2014-11-04
281,76593,調査　鉄也,2014-11-04,2014-11-04
281,77189,調査　忠造,2014-11-04,2014-11-04
281,77264,調査　栄一,2014-11-04,2014-11-04
331,14483,調査　衛,2014-11-04,2014-11-04
331,21221,調査　孝一,2014-11-04,2014-11-04
331,28293,調査　勝久,2014-11-04,2014-11-04
331,63744,調査　勝博,2014-11-04,2014-11-04
331,65131,調査　京一,2014-11-04,2014-11-04
331,66352,調査　之博,2014-11-04,2014-11-04
331,66567,調査　秋雄,2014-11-04,2014-11-04
331,66706,調査　一之,2014-11-04,2014-11-04
331,68084,調査　和幸,2014-11-04,2014-11-04
331,68262,調査　豊治,2014-11-04,2014-11-04
331,69773,調査　賢司,2014-11-04,2014-11-04
331,70014,調査　克久,2014-11-04,2014-11-04
331,70612,調査　正孝,2014-11-04,2014-11-04
331,71002,調査　静和,2014-11-04,2014-11-04
331,71740,調査　稔,2014-11-04,2014-11-04
331,71758,調査　陸也,2014-11-04,2014-11-04
331,72513,調査　隆行,2014-11-04,2014-11-04
331,72924,調査　広明,2014-11-04,2014-11-04
331,73097,調査　芳正,2014-11-04,2014-11-04
331,73529,調査　薫,2014-11-04,2014-11-04
331,74701,調査　明男,2014-11-04,2014-11-04
371,15369,調査　輝一,2014-11-04,2014-11-04
371,34959,調査　徳之,2014-11-04,2014-11-04
371,63753,調査　正人,2014-11-04,2014-11-04
371,64536,調査　孝,2014-11-04,2014-11-04
371,65449,調査　正近,2014-11-04,2014-11-04
371,65515,調査　明夫,2014-11-04,2014-11-04
371,68954,調査　一宣,2014-11-04,2014-11-04
371,70621,調査　茂,2014-11-04,2014-11-04
371,72522,調査　樹,2014-11-04,2014-11-04
371,73127,調査　善久,2014-11-04,2014-11-04
371,73163,調査　義弘,2014-11-04,2014-11-04
371,74701,調査　明男,2014-11-04,2014-11-04
371,76641,調査　孝士,2014-11-04,2014-11-04
441,14157,調査　守,2014-11-04,2014-11-04
441,14390,調査　克英,2014-11-04,2014-11-04
441,56755,調査　正憲,2014-11-04,2014-11-04
441,59934,調査　一春,2014-11-04,2014-11-04
441,63240,調査　裕造,2014-11-04,2014-11-04
441,64424,調査　三久,2014-11-04,2014-11-04
441,64545,調査　昭広,2014-11-04,2014-11-04
441,64609,調査　憲司,2014-11-04,2014-11-04
441,64908,調査　正之,2014-11-04,2014-11-04
441,65092,調査　秀行,2014-11-04,2014-11-04
441,66642,調査　哲雄,2014-11-04,2014-11-04
441,66651,調査　清二,2014-11-04,2014-11-04
441,66745,調査　幸良,2014-11-04,2014-11-04
441,67265,調査　今朝巳,2014-11-04,2014-11-04
441,68093,調査　忠明,2014-11-04,2014-11-04
441,68468,調査　幹男,2014-11-04,2014-11-04
441,68851,調査　公男,2014-11-04,2014-11-04
441,70537,調査　有司,2014-11-04,2014-11-04
441,70640,調査　啓雄,2014-11-04,2014-11-04
441,71767,調査　隆,2014-11-04,2014-11-04
441,71776,調査　種男,2014-11-04,2014-11-04
441,72531,調査　慎,2014-11-04,2014-11-04
441,72746,調査　義勝,2014-11-04,2014-11-04
441,73145,調査　邦明,2014-11-04,2014-11-04
441,73172,調査　髙弘,2014-11-04,2014-11-04
441,74750,調査　修,2014-11-04,2014-11-04
441,74759,調査　政己,2014-11-04,2014-11-04
441,76164,調査　裕子,2014-11-04,2014-11-04
441,76303,調査　久仁茂,2014-11-04,2014-11-04
441,76660,調査　和茂,2014-11-04,2014-11-04
461,09220,調査　旭,2014-11-04,2014-11-04
461,65092,調査　秀行,2014-11-04,2014-11-04
461,65150,調査　孝行,2014-11-04,2014-11-04
461,66419,調査　松男,2014-11-04,2014-11-04
461,66745,調査　幸良,2014-11-04,2014-11-04
461,69000,調査　晴康,2014-11-04,2014-11-04
461,69139,調査　博之,2014-11-04,2014-11-04
461,71785,調査　晴義,2014-11-04,2014-11-04
461,72550,調査　亮,2014-11-04,2014-11-04
461,72755,調査　昭晴,2014-11-04,2014-11-04
461,73154,調査　明弘,2014-11-04,2014-11-04
461,73172,調査　髙弘,2014-11-04,2014-11-04
461,76210,調査　久男,2014-11-04,2014-11-04
461,76687,調査　克彦,2014-11-04,2014-11-04
461,77255,調査　治郎,2014-11-04,2014-11-04
531,16094,調査　伸治,2014-11-04,2014-11-04
531,19545,調査　千明,2014-11-04,2014-11-04
531,59502,調査　憲次,2014-11-04,2014-11-04
531,64488,調査　昭男,2014-11-04,2014-11-04
531,64497,調査　睦,2014-11-04,2014-11-04
531,65606,調査　哲夫,2014-11-04,2014-11-04
531,65944,調査　義郎,2014-11-04,2014-11-04
531,67489,調査　正美,2014-11-04,2014-11-04
531,69287,調査　廣明,2014-11-04,2014-11-04
531,70416,調査　隆,2014-11-04,2014-11-04
531,70667,調査　英之,2014-11-04,2014-11-04
531,71794,調査　隆,2014-11-04,2014-11-04
531,72559,調査　純矢,2014-11-04,2014-11-04
531,72577,調査　佳正,2014-11-04,2014-11-04
531,74795,調査　隆之,2014-11-04,2014-11-04
531,76705,調査　篤,2014-11-04,2014-11-04
561,12265,調査　里司,2014-11-04,2014-11-04
561,14559,調査　豊文,2014-11-04,2014-11-04
561,44462,調査　一生,2014-11-04,2014-11-04
561,65159,調査　文生,2014-11-04,2014-11-04
561,66800,調査　和良,2014-11-04,2014-11-04
561,67489,調査　正美,2014-11-04,2014-11-04
561,68401,調査　彰一郎,2014-11-04,2014-11-04
561,69287,調査　廣明,2014-11-04,2014-11-04
561,69782,調査　恒,2014-11-04,2014-11-04
561,70649,調査　稔,2014-11-04,2014-11-04
561,71598,調査　正夫,2014-11-04,2014-11-04
561,72791,調査　重志,2014-11-04,2014-11-04
561,73613,調査　斎吉,2014-11-04,2014-11-04
561,75242,調査　年治,2014-11-04,2014-11-04
561,75690,調査　和秋,2014-11-04,2014-11-04
571,26776,調査　好則,2014-11-04,2014-11-04
571,63007,調査　正,2014-11-04,2014-11-04
571,63602,調査　章生,2014-11-04,2014-11-04
571,64929,調査　辻廣,2014-11-04,2014-11-04
571,66800,調査　和良,2014-11-04,2014-11-04
571,69009,調査　輝郎,2014-11-04,2014-11-04
571,71598,調査　正夫,2014-11-04,2014-11-04
571,71815,調査　立直,2014-11-04,2014-11-04
571,73435,調査　栄作,2014-11-04,2014-11-04
571,73613,調査　斎吉,2014-11-04,2014-11-04
571,74816,調査　靖,2014-11-04,2014-11-04
571,74834,調査　明洋,2014-11-04,2014-11-04
571,75242,調査　年治,2014-11-04,2014-11-04
571,75783,調査　好博,2014-11-04,2014-11-04
571,76735,調査　勝信,2014-11-04,2014-11-04
581,49159,調査　政臣,2014-11-04,2014-11-04
581,59194,調査　静香,2014-11-04,2014-11-04
581,59502,調査　憲次,2014-11-04,2014-11-04
581,60583,調査　和三,2014-11-04,2014-11-04
581,63128,調査　照幸,2014-11-04,2014-11-04
581,64497,調査　睦,2014-11-04,2014-11-04
581,65065,調査　幸次郎,2014-11-04,2014-11-04
581,65570,調査　明,2014-11-04,2014-11-04
581,65606,調査　哲夫,2014-11-04,2014-11-04
581,65627,調査　久和,2014-11-04,2014-11-04
581,66343,調査　渉,2014-11-04,2014-11-04
581,66549,調査　健夫,2014-11-04,2014-11-04
581,66585,調査　宗次,2014-11-04,2014-11-04
581,67461,調査　茂樹,2014-11-04,2014-11-04
581,67489,調査　正美,2014-11-04,2014-11-04
581,68244,調査　彰一,2014-11-04,2014-11-04
581,68422,調査　治,2014-11-04,2014-11-04
581,69287,調査　廣明,2014-11-04,2014-11-04
581,70126,調査　勝,2014-11-04,2014-11-04
581,70685,調査　将一,2014-11-04,2014-11-04
581,70984,調査　淨,2014-11-04,2014-11-04
581,70993,調査　勝義,2014-11-04,2014-11-04
581,71824,調査　良一,2014-11-04,2014-11-04
581,71833,調査　金造,2014-11-04,2014-11-04
581,72568,調査　貴士,2014-11-04,2014-11-04
581,72810,調査　邦雄,2014-11-04,2014-11-04
581,73200,調査　晃生,2014-11-04,2014-11-04
581,73248,調査　登,2014-11-04,2014-11-04
581,73444,調査　仁昭,2014-11-04,2014-11-04
581,74843,調査　勝治,2014-11-04,2014-11-04
581,75336,調査　忠雄,2014-11-04,2014-11-04
581,76753,調査　浩,2014-11-04,2014-11-04
581,76762,調査　好彦,2014-11-04,2014-11-04
631,12984,調査　勉,2014-11-04,2014-11-04
631,25041,調査　和浩,2014-11-04,2014-11-04
631,54703,調査　勝廣,2014-11-04,2014-11-04
631,59895,調査　修,2014-11-04,2014-11-04
631,60257,調査　哲夫,2014-11-04,2014-11-04
631,63717,調査　良明,2014-11-04,2014-11-04
631,64506,調査　實,2014-11-04,2014-11-04
631,67751,調査　守,2014-11-04,2014-11-04
631,67984,調査　峯雄,2014-11-04,2014-11-04
631,68431,調査　眞治,2014-11-04,2014-11-04
631,69335,調査　道郎,2014-11-04,2014-11-04
631,72604,調査　実早希,2014-11-04,2014-11-04
631,72634,調査　達彦,2014-11-04,2014-11-04
631,72885,調査　秀司,2014-11-04,2014-11-04
631,72933,調査　一樹,2014-11-04,2014-11-04
631,73275,調査　正美,2014-11-04,2014-11-04
631,74309,調査　龍次,2014-11-04,2014-11-04
631,74880,調査　浩淳,2014-11-04,2014-11-04
631,74898,調査　義雪,2014-11-04,2014-11-04
631,76212,調査　哲也,2014-11-04,2014-11-04
631,76790,調査　学,2014-11-04,2014-11-04
631,76799,調査　薫,2014-11-04,2014-11-04
631,77180,調査　勇二,2014-11-04,2014-11-04
661,11389,調査　由巳,2014-11-04,2014-11-04
661,15293,調査　慎一,2014-11-04,2014-11-04
661,28369,調査　孝彦,2014-11-04,2014-11-04
661,63735,調査　恭一,2014-11-04,2014-11-04
661,67742,調査　正次,2014-11-04,2014-11-04
661,68431,調査　眞治,2014-11-04,2014-11-04
661,69027,調査　桂二,2014-11-04,2014-11-04
661,69942,調査　卓雄,2014-11-04,2014-11-04
661,70694,調査　正臣,2014-11-04,2014-11-04
661,72595,調査　航太,2014-11-04,2014-11-04
661,72625,調査　悠太,2014-11-04,2014-11-04
661,73462,調査　忠彦,2014-11-04,2014-11-04
661,75729,調査　政則,2014-11-04,2014-11-04
661,76418,調査　幹,2014-11-04,2014-11-04
661,76808,調査　義照,2014-11-04,2014-11-04
671,15882,調査　久司,2014-11-04,2014-11-04
671,35059,調査　良人,2014-11-04,2014-11-04
671,59925,調査　隆,2014-11-04,2014-11-04
671,63210,調査　伸一,2014-11-04,2014-11-04
671,67724,調査　勝,2014-11-04,2014-11-04
671,68918,調査　雅敏,2014-11-04,2014-11-04
671,69018,調査　正安,2014-11-04,2014-11-04
671,71870,調査　進,2014-11-04,2014-11-04
671,71879,調査　英樹,2014-11-04,2014-11-04
671,74441,調査　修,2014-11-04,2014-11-04
671,74907,調査　菊男,2014-11-04,2014-11-04
671,75345,調査　伸三,2014-11-04,2014-11-04
671,76829,調査　靜,2014-11-04,2014-11-04
681,17831,調査　富和,2014-11-04,2014-11-04
681,29919,調査　光雄,2014-11-04,2014-11-04
681,33176,調査　寿也,2014-11-04,2014-11-04
681,62596,調査　文夫,2014-11-04,2014-11-04
681,63276,調査　俊春,2014-11-04,2014-11-04
681,64189,調査　洋志,2014-11-04,2014-11-04
681,64890,調査　益吉,2014-11-04,2014-11-04
681,64899,調査　桂,2014-11-04,2014-11-04
681,70703,調査　龍二,2014-11-04,2014-11-04
681,72616,調査　隆也,2014-11-04,2014-11-04
681,73302,調査　昇三,2014-11-04,2014-11-04
681,75569,調査　隆秀,2014-11-04,2014-11-04
681,75653,調査　和也,2014-11-04,2014-11-04
681,76847,調査　修,2014-11-04,2014-11-04
691,09434,調査　英一,2014-11-04,2014-11-04
691,44994,調査　政彦,2014-11-04,2014-11-04
691,64554,調査　次繁,2014-11-04,2014-11-04
691,64769,調査　淳次,2014-11-04,2014-11-04
691,71888,調査　勝己,2014-11-04,2014-11-04
691,71897,調査　八郎,2014-11-04,2014-11-04
731,11464,調査　忠雄,2014-11-04,2014-11-04
731,16206,調査　修,2014-11-04,2014-11-04
731,63016,調査　勉,2014-11-04,2014-11-04
731,63137,調査　正晴,2014-11-04,2014-11-04
731,63623,調査　勇三,2014-11-04,2014-11-04
731,63632,調査　俊雄,2014-11-04,2014-11-04
731,64648,調査　賢治,2014-11-04,2014-11-04
731,64796,調査　富三,2014-11-04,2014-11-04
731,65101,調査　公雄,2014-11-04,2014-11-04
731,66120,調査　久治,2014-11-04,2014-11-04
731,66138,調査　治男,2014-11-04,2014-11-04
731,67779,調査　功,2014-11-04,2014-11-04
731,67930,調査　正博,2014-11-04,2014-11-04
731,69054,調査　和昭,2014-11-04,2014-11-04
731,70724,調査　俊夫,2014-11-04,2014-11-04
731,71918,調査　秀実,2014-11-04,2014-11-04
731,71927,調査　市男,2014-11-04,2014-11-04
731,71936,調査　康雄,2014-11-04,2014-11-04
731,71945,調査　保孝,2014-11-04,2014-11-04
731,72643,調査　裕太,2014-11-04,2014-11-04
731,75082,調査　正繁,2014-11-04,2014-11-04
731,76221,調査　忠久,2014-11-04,2014-11-04
731,76240,調査　和彦,2014-11-04,2014-11-04
731,76865,調査　秀幸,2014-11-04,2014-11-04
761,08754,調査　芳通,2014-11-04,2014-11-04
761,62653,調査　政夫,2014-11-04,2014-11-04
761,63641,調査　光男,2014-11-04,2014-11-04
761,63669,調査　州一,2014-11-04,2014-11-04
761,64470,調査　治,2014-11-04,2014-11-04
761,64805,調査　和利,2014-11-04,2014-11-04
761,72045,調査　勇,2014-11-04,2014-11-04
761,74973,調査　孝司,2014-11-04,2014-11-04
761,74982,調査　恒夫,2014-11-04,2014-11-04
761,75774,調査　広次,2014-11-04,2014-11-04
761,76892,調査　和博,2014-11-04,2014-11-04
771,12957,調査　彰英,2014-11-04,2014-11-04
771,14810,調査　学,2014-11-04,2014-11-04
771,23131,調査　孝一,2014-11-04,2014-11-04
771,56371,調査　晴一,2014-11-04,2014-11-04
771,58076,調査　洋一,2014-11-04,2014-11-04
771,67377,調査　恒夫,2014-11-04,2014-11-04
771,67788,調査　敏,2014-11-04,2014-11-04
771,67806,調査　富士雄,2014-11-04,2014-11-04
771,70425,調査　勝紀,2014-11-04,2014-11-04
771,70742,調査　次男,2014-11-04,2014-11-04
771,70751,調査　明,2014-11-04,2014-11-04
771,71196,調査　節生,2014-11-04,2014-11-04
771,72652,調査　斉義,2014-11-04,2014-11-04
771,73378,調査　正一,2014-11-04,2014-11-04
771,73387,調査　昌人,2014-11-04,2014-11-04
771,76901,調査　政和,2014-11-04,2014-11-04
771,76913,調査　政美,2014-11-04,2014-11-04
781,62831,調査　一夫,2014-11-04,2014-11-04
781,63146,調査　博司,2014-11-04,2014-11-04
781,64817,調査　忠男,2014-11-04,2014-11-04
781,67797,調査　平八,2014-11-04,2014-11-04
781,69577,調査　英佑,2014-11-04,2014-11-04
781,69812,調査　賢司,2014-11-04,2014-11-04
781,70117,調査　清文,2014-11-04,2014-11-04
781,71637,調査　保二,2014-11-04,2014-11-04
781,71972,調査　仁,2014-11-04,2014-11-04
781,72429,調査　孝幸,2014-11-04,2014-11-04
781,72661,調査　尚輝,2014-11-04,2014-11-04
781,73396,調査　秀司,2014-11-04,2014-11-04
791,15248,調査　智章,2014-11-04,2014-11-04
791,26842,調査　寛,2014-11-04,2014-11-04
791,64817,調査　忠男,2014-11-04,2014-11-04
791,65494,調査　雄二,2014-11-04,2014-11-04
791,66213,調査　勝實,2014-11-04,2014-11-04
791,69063,調査　公男,2014-11-04,2014-11-04
791,70117,調査　清文,2014-11-04,2014-11-04
791,71048,調査　英文,2014-11-04,2014-11-04
791,71981,調査　信高,2014-11-04,2014-11-04
791,72018,調査　敏亮,2014-11-04,2014-11-04
791,72429,調査　孝幸,2014-11-04,2014-11-04
791,72680,調査　怜,2014-11-04,2014-11-04
791,73396,調査　秀司,2014-11-04,2014-11-04
791,75064,調査　正昭,2014-11-04,2014-11-04
791,75587,調査　豊,2014-11-04,2014-11-04
791,75699,調査　広美,2014-11-04,2014-11-04
791,76249,調査　正明,2014-11-04,2014-11-04
791,76370,調査　広登,2014-11-04,2014-11-04
791,76931,調査　武利,2014-11-04,2014-11-04
791,76950,調査　利裕,2014-11-04,2014-11-04
801,25078,調査　隆明,2014-11-04,2014-11-04
801,52663,調査　和雄,2014-11-04,2014-11-04
801,61590,調査　甲子雄,2014-11-04,2014-11-04
801,63669,調査　州一,2014-11-04,2014-11-04
801,64938,調査　清,2014-11-04,2014-11-04
801,67818,調査　哲雄,2014-11-04,2014-11-04
801,72036,調査　英明,2014-11-04,2014-11-04
801,72045,調査　勇,2014-11-04,2014-11-04
801,73360,調査　博巳,2014-11-04,2014-11-04
801,73499,調査　志年,2014-11-04,2014-11-04
801,74964,調査　政明,2014-11-04,2014-11-04
801,75774,調査　広次,2014-11-04,2014-11-04
801,76959,調査　利典,2014-11-04,2014-11-04
831,14698,調査　和男,2014-11-04,2014-11-04
831,31761,調査　次郎,2014-11-04,2014-11-04
831,33475,調査　直美,2014-11-04,2014-11-04
831,60360,調査　政美,2014-11-04,2014-11-04
831,63119,調査　勇,2014-11-04,2014-11-04
831,63557,調査　信,2014-11-04,2014-11-04
831,64826,調査　文雄,2014-11-04,2014-11-04
831,64862,調査　和夫,2014-11-04,2014-11-04
831,64871,調査　鎭一,2014-11-04,2014-11-04
831,67425,調査　守,2014-11-04,2014-11-04
831,68897,調査　要治,2014-11-04,2014-11-04
831,69661,調査　文朗,2014-11-04,2014-11-04
831,70443,調査　良雄,2014-11-04,2014-11-04
831,72689,調査　拓巳,2014-11-04,2014-11-04
831,73417,調査　好数,2014-11-04,2014-11-04
831,74348,調査　敬一,2014-11-04,2014-11-04
831,75121,調査　義明,2014-11-04,2014-11-04
831,76333,調査　幹雄,2014-11-04,2014-11-04
831,76986,調査　雅英,2014-11-04,2014-11-04
831,76995,調査　雅一,2014-11-04,2014-11-04
861,14707,調査　秀勝,2014-11-04,2014-11-04
861,16227,調査　照久,2014-11-04,2014-11-04
861,61656,調査　保雄,2014-11-04,2014-11-04
861,62850,調査　康明,2014-11-04,2014-11-04
861,64376,調査　悦男,2014-11-04,2014-11-04
861,65029,調査　協一,2014-11-04,2014-11-04
861,65524,調査　博行,2014-11-04,2014-11-04
861,66633,調査　救男,2014-11-04,2014-11-04
861,67395,調査　義雄,2014-11-04,2014-11-04
861,68141,調査　哲久,2014-11-04,2014-11-04
861,68160,調査　信治,2014-11-04,2014-11-04
861,68543,調査　孝義,2014-11-04,2014-11-04
861,68927,調査　尖治,2014-11-04,2014-11-04
861,70078,調査　良一,2014-11-04,2014-11-04
861,70452,調査　繁安,2014-11-04,2014-11-04
861,70788,調査　勝,2014-11-04,2014-11-04
861,72698,調査　純平,2014-11-04,2014-11-04
861,73426,調査　一秋,2014-11-04,2014-11-04
861,73508,調査　栄司,2014-11-04,2014-11-04
861,75110,調査　照久,2014-11-04,2014-11-04
861,75149,調査　俊行,2014-11-04,2014-11-04
861,75158,調査　卓,2014-11-04,2014-11-04
861,75297,調査　敏美,2014-11-04,2014-11-04
861,76342,調査　直樹,2014-11-04,2014-11-04
861,77004,調査　登三男,2014-11-04,2014-11-04
861,77013,調査　明夫,2014-11-04,2014-11-04
861,99841,調査　岩男,2014-11-04,2014-11-04
871,19630,調査　勲,2014-11-04,2014-11-04
871,23159,調査　浩司,2014-11-04,2014-11-04
871,61674,調査　登雄,2014-11-04,2014-11-04
871,61683,調査　秀雄,2014-11-04,2014-11-04
871,62756,調査　秀男,2014-11-04,2014-11-04
871,62813,調査　富士夫,2014-11-04,2014-11-04
871,64835,調査　敏夫,2014-11-04,2014-11-04
871,66464,調査　正行,2014-11-04,2014-11-04
871,67386,調査　隆則,2014-11-04,2014-11-04
871,68504,調査　一巳,2014-11-04,2014-11-04
871,68552,調査　芳夫,2014-11-04,2014-11-04
871,69072,調査　謙次郎,2014-11-04,2014-11-04
871,69111,調査　徹,2014-11-04,2014-11-04
871,69840,調査　隆志,2014-11-04,2014-11-04
871,69849,調査　満雄,2014-11-04,2014-11-04
871,70818,調査　俊宏,2014-11-04,2014-11-04
871,72054,調査　昌一,2014-11-04,2014-11-04
871,72109,調査　桂蔵,2014-11-04,2014-11-04
871,72707,調査　圭祐,2014-11-04,2014-11-04
871,73405,調査　正彦,2014-11-04,2014-11-04
871,75176,調査　忠志,2014-11-04,2014-11-04
871,75475,調査　勝巳,2014-11-04,2014-11-04
871,77031,調査　豊一,2014-11-04,2014-11-04
871,77050,調査　良治,2014-11-04,2014-11-04
881,60360,調査　政美,2014-11-04,2014-11-04
881,60499,調査　久,2014-11-04,2014-11-04
881,63155,調査　仁司,2014-11-04,2014-11-04
881,63333,調査　文夫,2014-11-04,2014-11-04
881,64835,調査　敏夫,2014-11-04,2014-11-04
881,66464,調査　正行,2014-11-04,2014-11-04
881,67845,調査　好則,2014-11-04,2014-11-04
881,68897,調査　要治,2014-11-04,2014-11-04
881,69296,調査　章王,2014-11-04,2014-11-04
881,69840,調査　隆志,2014-11-04,2014-11-04
881,69894,調査　敬司,2014-11-04,2014-11-04
881,72063,調査　勇人,2014-11-04,2014-11-04
881,72081,調査　奨,2014-11-04,2014-11-04
881,72100,調査　鐐一,2014-11-04,2014-11-04
881,75091,調査　富昭,2014-11-04,2014-11-04
881,75112,調査　勝,2014-11-04,2014-11-04
881,75185,調査　優,2014-11-04,2014-11-04
881,75279,調査　泰弘,2014-11-04,2014-11-04
881,77068,調査　一彦,2014-11-04,2014-11-04
881,77246,調査　勇一,2014-11-04,2014-11-04
